{
  "disease": {
    "precision": 0.9655172413793104,
    "recall": 0.8484848484848485,
    "f1-score": 0.9032258064516129,
    "support": 66,
    "confused_with": {}
  },
  "micro avg": {
    "precision": 0.9655172413793104,
    "recall": 0.8484848484848485,
    "f1-score": 0.9032258064516129,
    "support": 66
  },
  "macro avg": {
    "precision": 0.9655172413793104,
    "recall": 0.8484848484848485,
    "f1-score": 0.9032258064516129,
    "support": 66
  },
  "weighted avg": {
    "precision": 0.9655172413793104,
    "recall": 0.8484848484848485,
    "f1-score": 0.9032258064516129,
    "support": 66
  },
  "accuracy": 0.9706601466992665
}